選手,左右,チーム,試合,打席,打数,得点,安打,二塁打,三塁打,本塁打,塁打,打点,盗塁,盗塁刺,犠打,犠飛,四球,故意四,死球,三振,併殺打,打率,長打率,出塁率
明石 健志,左,福岡ソフトバンクホークス,45,115,103,16,29,5,3,1,43,12,2,1,0,0,11,1,1,21,0,0.282,0.417,0.357
飯田 優也,左,福岡ソフトバンクホークス,1,0,0,0,0,0,0,0,0,0,0,0,0,0,0,0,0,0,0,0,0,0
五十嵐 亮太,右,福岡ソフトバンクホークス,23,0,0,0,0,0,0,0,0,0,0,0,0,0,0,0,0,0,0,0,0,0
石川 柊太,右,福岡ソフトバンクホークス,42,5,5,0,0,0,0,0,0,0,0,0,0,0,0,0,0,2,0,0,0,0
市川 友也,右,福岡ソフトバンクホークス,25,51,42,2,7,1,1,2,16,5,0,0,8,0,0,0,1,11,0,0.167,0.381,0.186
今宮 健太,右,福岡ソフトバンクホークス,99,405,354,45,94,18,1,11,147,45,5,4,22,2,25,2,2,60,5,0.266,0.415,0.316
岩嵜 翔,右,福岡ソフトバンクホークス,2,0,0,0,0,0,0,0,0,0,0,0,0,0,0,0,0,0,0,0,0,0
上林 誠知,左,福岡ソフトバンクホークス,143,608,551,88,149,26,14,22,269,62,13,4,17,3,30,4,7,117,2,0.27,0.488,0.315
内川 聖一,右,福岡ソフトバンクホークス,71,296,281,27,68,11,0,8,103,30,1,1,0,3,9,0,3,32,6,0.242,0.367,0.27
江川 智晃,右,福岡ソフトバンクホークス,5,5,5,2,3,1,0,1,7,1,0,0,0,0,0,0,0,2,0,0.6,1.4,0.6
大竹 耕太郎,左,福岡ソフトバンクホークス,11,0,0,0,0,0,0,0,0,0,0,0,0,0,0,0,0,0,0,0,0,0
岡本 健,右,福岡ソフトバンクホークス,23,1,1,0,0,0,0,0,0,0,0,0,0,0,0,0,0,0,0,0,0,0
甲斐 拓也,右,福岡ソフトバンクホークス,133,363,314,27,67,13,1,7,103,37,2,1,23,0,26,0,0,79,6,0.213,0.328,0.274
笠原 大芽,右,福岡ソフトバンクホークス,1,0,0,0,0,0,0,0,0,0,0,0,0,0,0,0,0,0,0,0,0,0
笠谷 俊介,左,福岡ソフトバンクホークス,9,0,0,0,0,0,0,0,0,0,0,0,0,0,0,0,0,0,0,0,0,0
加治屋 蓮,右,福岡ソフトバンクホークス,72,0,0,0,0,0,0,0,0,0,0,0,0,0,0,0,0,0,0,0,0,0
釜元 豪,左,福岡ソフトバンクホークス,6,5,5,0,0,0,0,0,0,0,0,1,0,0,0,0,0,2,0,0,0,0
嘉弥真 新也,左,福岡ソフトバンクホークス,67,0,0,0,0,0,0,0,0,0,0,0,0,0,0,0,0,0,0,0,0,0
川島 慶三,右,福岡ソフトバンクホークス,91,152,142,17,38,5,0,3,52,16,2,0,0,3,7,0,0,31,2,0.268,0.366,0.296
川瀬 晃,左,福岡ソフトバンクホークス,13,36,32,3,6,1,0,0,7,2,1,0,2,0,2,0,0,9,2,0.188,0.219,0.235
城所 龍磨,左,福岡ソフトバンクホークス,41,26,24,8,4,1,0,1,8,2,3,1,1,0,1,0,0,9,0,0.167,0.333,0.2
グラシアル,右,福岡ソフトバンクホークス,54,202,185,29,54,6,1,9,89,30,1,0,0,1,15,0,1,34,8,0.292,0.481,0.347
栗原 陵矢,左,福岡ソフトバンクホークス,11,9,9,0,1,0,0,0,1,0,0,0,0,0,0,0,0,4,0,0.111,0.111,0.111
サファテ,右,福岡ソフトバンクホークス,6,0,0,0,0,0,0,0,0,0,0,0,0,0,0,0,0,0,0,0,0,0
椎野 新,右,福岡ソフトバンクホークス,1,0,0,0,0,0,0,0,0,0,0,0,0,0,0,0,0,0,0,0,0,0
スアレス,右,福岡ソフトバンクホークス,11,0,0,0,0,0,0,0,0,0,0,0,0,0,0,0,0,0,0,0,0,0
攝津 正,右,福岡ソフトバンクホークス,7,1,1,0,0,0,0,0,0,0,0,0,0,0,0,0,0,0,0,0,0,0
千賀 滉大,左,福岡ソフトバンクホークス,22,2,2,0,1,0,0,0,1,0,0,0,0,0,0,0,0,1,0,0.5,0.5,0.5
髙田 知季,左,福岡ソフトバンクホークス,74,153,133,13,25,3,2,2,38,15,2,0,6,0,12,0,2,36,2,0.188,0.286,0.265
高橋 礼,右,福岡ソフトバンクホークス,12,0,0,0,0,0,0,0,0,0,0,0,0,0,0,0,0,0,0,0,0,0
髙谷 裕亮,左,福岡ソフトバンクホークス,73,57,52,5,9,1,0,1,13,4,0,0,3,0,1,0,1,11,1,0.173,0.25,0.204
武田 翔太,右,福岡ソフトバンクホークス,27,2,2,0,0,0,0,0,0,0,0,0,0,0,0,0,0,1,0,0,0,0
田中 正義,右,福岡ソフトバンクホークス,10,0,0,0,0,0,0,0,0,0,0,0,0,0,0,0,0,0,0,0,0,0
塚田 正義,右,福岡ソフトバンクホークス,25,45,37,8,10,2,0,3,21,6,0,1,2,0,6,0,0,13,0,0.27,0.568,0.372
デスパイネ,右,福岡ソフトバンクホークス,116,469,407,62,97,15,1,29,201,74,0,0,0,3,55,4,4,93,13,0.238,0.494,0.333
寺原 隼人,右,福岡ソフトバンクホークス,21,1,1,0,0,0,0,0,0,0,0,0,0,0,0,0,0,1,0,0,0,0
中田 賢一,右,福岡ソフトバンクホークス,23,6,5,0,1,0,0,0,1,0,0,0,1,0,0,0,0,2,0,0.2,0.2,0.2
中村 晃,左,福岡ソフトバンクホークス,136,580,506,57,148,28,1,14,220,57,1,1,3,6,60,4,5,68,5,0.292,0.435,0.369
西田 哲朗,右,福岡ソフトバンクホークス,72,113,109,18,23,3,0,4,38,16,3,0,2,1,1,0,0,37,1,0.211,0.349,0.216
二保 旭,右,福岡ソフトバンクホークス,35,0,0,0,0,0,0,0,0,0,0,0,0,0,0,0,0,0,0,0,0,0
バンデンハーク,右,福岡ソフトバンクホークス,23,2,2,0,0,0,0,0,0,0,0,0,0,0,0,0,0,2,0,0,0,0
長谷川 勇也,左,福岡ソフトバンクホークス,55,112,101,15,29,6,0,5,50,20,0,0,0,1,9,3,1,18,3,0.287,0.495,0.348
東浜 巨,右,福岡ソフトバンクホークス,17,0,0,0,0,0,0,0,0,0,0,0,0,0,0,0,0,0,0,0,0,0
福田 秀平,左,福岡ソフトバンクホークス,110,128,118,28,31,6,0,7,58,15,6,1,4,0,4,0,2,35,6,0.263,0.492,0.298
本多 雄一,左,福岡ソフトバンクホークス,33,101,85,15,22,3,2,1,32,8,5,1,5,3,8,0,0,17,1,0.259,0.376,0.313
牧原 大成,左,福岡ソフトバンクホークス,59,264,249,32,79,12,4,3,108,26,9,3,3,2,8,0,2,33,2,0.317,0.434,0.341
真砂 勇介,右,福岡ソフトバンクホークス,1,0,0,1,0,0,0,0,0,0,0,0,0,0,0,0,0,0,0,0,0,0
松田 宣浩,右,福岡ソフトバンクホークス,143,580,517,72,128,21,3,32,251,82,3,3,0,3,56,4,4,113,12,0.248,0.485,0.324
松田 遼馬,右,福岡ソフトバンクホークス,2,0,0,0,0,0,0,0,0,0,0,0,0,0,0,0,0,0,0,0,0,0
松本 裕樹,左,福岡ソフトバンクホークス,6,0,0,0,0,0,0,0,0,0,0,0,0,0,0,0,0,0,0,0,0,0
ミランダ,左,福岡ソフトバンクホークス,8,0,0,0,0,0,0,0,0,0,0,0,0,0,0,0,0,0,0,0,0,0
モイネロ,左,福岡ソフトバンクホークス,49,0,0,0,0,0,0,0,0,0,0,0,0,0,0,0,0,0,0,0,0,0
森 唯斗,右,福岡ソフトバンクホークス,66,0,0,0,0,0,0,0,0,0,0,0,0,0,0,0,0,0,0,0,0,0
柳田 悠岐,左,福岡ソフトバンクホークス,130,550,475,95,167,29,5,36,314,102,21,7,0,5,62,4,8,105,8,0.352,0.661,0.431
相内 誠,右,埼玉西武ライオンズ,10,0,0,0,0,0,0,0,0,0,0,0,0,0,0,0,0,0,0,0,0,0
愛斗,右,埼玉西武ライオンズ,2,3,3,0,0,0,0,0,0,0,0,0,0,0,0,0,0,1,0,0,0,0
秋山 翔吾,左,埼玉西武ライオンズ,143,685,603,107,195,39,8,24,322,82,15,10,0,1,77,4,4,96,3,0.323,0.534,0.403
浅村 栄斗,右,埼玉西武ライオンズ,143,640,565,104,175,27,0,32,298,127,4,2,0,5,68,4,2,105,18,0.31,0.527,0.383
伊藤 翔,右,埼玉西武ライオンズ,16,0,0,0,0,0,0,0,0,0,0,0,0,0,0,0,0,0,0,0,0,0
今井 達也,右,埼玉西武ライオンズ,15,0,0,0,0,0,0,0,0,0,0,0,0,0,0,0,0,0,0,0,0,0
ウルフ,右,埼玉西武ライオンズ,14,6,5,1,0,0,0,0,0,0,0,0,1,0,0,0,0,4,0,0,0,0
呉 念庭,左,埼玉西武ライオンズ,8,11,11,1,1,0,0,0,1,1,0,0,0,0,0,0,0,5,0,0.091,0.091,0.091
榎田 大樹,左,埼玉西武ライオンズ,23,0,0,0,0,0,0,0,0,0,0,0,0,0,0,0,0,0,0,0,0,0
大石 達也,左,埼玉西武ライオンズ,10,0,0,0,0,0,0,0,0,0,0,0,0,0,0,0,0,0,0,0,0,0
岡田 雅利,右,埼玉西武ライオンズ,52,108,92,10,25,3,0,3,37,7,0,1,7,1,7,0,1,17,3,0.272,0.402,0.327
小川 龍也,左,埼玉西武ライオンズ,15,0,0,0,0,0,0,0,0,0,0,0,0,0,0,0,0,0,0,0,0,0
カスティーヨ,右,埼玉西武ライオンズ,20,5,5,0,0,0,0,0,0,0,0,0,0,0,0,0,0,4,0,0,0,0
金子 一輝,右,埼玉西武ライオンズ,6,14,14,3,5,1,0,1,9,2,0,1,0,0,0,0,0,3,1,0.357,0.643,0.357
金子 侑司,右,埼玉西武ライオンズ,111,356,310,50,69,7,3,1,85,34,32,11,6,3,34,0,3,53,5,0.223,0.274,0.303
菊池 雄星,左,埼玉西武ライオンズ,23,3,3,1,0,0,0,0,0,0,0,0,0,0,0,0,0,1,0,0,0,0
木村 文紀,右,埼玉西武ライオンズ,75,120,104,18,27,5,1,3,43,12,7,3,5,0,10,0,1,33,0,0.26,0.413,0.33
郭 俊麟,右,埼玉西武ライオンズ,3,0,0,0,0,0,0,0,0,0,0,0,0,0,0,0,0,0,0,0,0,0
熊代 聖人,右,埼玉西武ライオンズ,25,10,9,6,0,0,0,0,0,0,1,0,0,0,1,0,0,4,0,0,0,0.1
栗山 巧,左,埼玉西武ライオンズ,114,363,305,32,78,18,1,8,122,52,1,0,0,3,52,2,3,78,5,0.256,0.4,0.366
源田 壮亮,左,埼玉西武ライオンズ,143,666,594,92,165,27,9,4,222,57,34,8,14,6,48,0,4,101,7,0.278,0.374,0.333
小石 博孝,左,埼玉西武ライオンズ,22,0,0,0,0,0,0,0,0,0,0,0,0,0,0,0,0,0,0,0,0,0
斉藤 彰吾,左,埼玉西武ライオンズ,59,104,87,20,21,5,0,1,29,8,4,1,4,1,8,0,4,28,2,0.241,0.333,0.33
齊藤 大将,左,埼玉西武ライオンズ,16,0,0,0,0,0,0,0,0,0,0,0,0,0,0,0,0,0,0,0,0,0
佐野 泰雄,左,埼玉西武ライオンズ,5,0,0,0,0,0,0,0,0,0,0,0,0,0,0,0,0,0,0,0,0,0
炭谷 銀仁朗,右,埼玉西武ライオンズ,47,135,129,10,32,8,0,0,40,9,0,0,3,0,2,0,1,30,3,0.248,0.31,0.265
高木 勇人,右,埼玉西武ライオンズ,8,0,0,0,0,0,0,0,0,0,0,0,0,0,0,0,0,0,0,0,0,0
髙橋 光成,右,埼玉西武ライオンズ,3,0,0,0,0,0,0,0,0,0,0,0,0,0,0,0,0,0,0,0,0,0
髙橋 朋己,左,埼玉西武ライオンズ,1,0,0,0,0,0,0,0,0,0,0,0,0,0,0,0,0,0,0,0,0,0
武隈 祥太,左,埼玉西武ライオンズ,35,0,0,0,0,0,0,0,0,0,0,0,0,0,0,0,0,0,0,0,0,0
田村 伊知郎,左,埼玉西武ライオンズ,4,0,0,0,0,0,0,0,0,0,0,0,0,0,0,0,0,0,0,0,0,0
多和田 真三郎,右,埼玉西武ライオンズ,26,5,4,0,0,0,0,0,0,0,0,0,1,0,0,0,0,1,0,0,0,0
十亀 剣,右,埼玉西武ライオンズ,22,5,4,0,0,0,0,0,0,0,0,0,1,0,0,0,0,2,0,0,0,0
外崎 修汰,右,埼玉西武ライオンズ,119,510,453,70,130,24,3,18,214,67,25,9,6,1,47,0,3,102,9,0.287,0.472,0.357
豊田 拓矢,右,埼玉西武ライオンズ,2,0,0,0,0,0,0,0,0,0,0,0,0,0,0,0,0,0,0,0,0,0
永江 恭平,左,埼玉西武ライオンズ,4,0,0,1,0,0,0,0,0,0,0,0,0,0,0,0,0,0,0,0,0,0
中塚 駿太,右,埼玉西武ライオンズ,2,0,0,0,0,0,0,0,0,0,0,0,0,0,0,0,0,0,0,0,0,0
中村 剛也,右,埼玉西武ライオンズ,97,392,355,53,94,14,1,28,194,74,1,0,0,2,33,0,2,112,11,0.265,0.546,0.329
野田 昇吾,左,埼玉西武ライオンズ,58,0,0,0,0,0,0,0,0,0,0,0,0,0,0,0,0,0,0,0,0,0
ヒース,右,埼玉西武ライオンズ,42,0,0,0,0,0,0,0,0,0,0,0,0,0,0,0,0,0,0,0,0,0
平井 克典,右,埼玉西武ライオンズ,64,0,0,0,0,0,0,0,0,0,0,0,0,0,0,0,0,0,0,0,0,0
本田 圭佑,右,埼玉西武ライオンズ,1,0,0,0,0,0,0,0,0,0,0,0,0,0,0,0,0,0,0,0,0,0
マーティン,右,埼玉西武ライオンズ,22,0,0,0,0,0,0,0,0,0,0,0,0,0,0,0,0,0,0,0,0,0
増田 達至,右,埼玉西武ライオンズ,41,0,0,0,0,0,0,0,0,0,0,0,0,0,0,0,0,0,0,0,0,0
松井 稼頭央,右,埼玉西武ライオンズ,30,41,39,8,6,1,0,0,7,2,1,0,0,0,2,0,0,10,1,0.154,0.179,0.195
松本 直晃,右,埼玉西武ライオンズ,24,1,1,0,0,0,0,0,0,0,0,0,0,0,0,0,0,1,0,0,0,0
水口 大地,左,埼玉西武ライオンズ,10,3,3,2,0,0,0,0,0,0,0,0,0,0,0,0,0,1,0,0,0,0
南川 忠亮,右,埼玉西武ライオンズ,4,0,0,0,0,0,0,0,0,0,0,0,0,0,0,0,0,0,0,0,0,0
メヒア,右,埼玉西武ライオンズ,82,234,212,20,45,7,0,9,79,21,0,0,0,1,18,0,3,62,3,0.212,0.373,0.282
森 友哉,左,埼玉西武ライオンズ,136,552,473,67,130,34,2,16,216,80,7,2,0,7,70,2,2,105,3,0.275,0.457,0.366
山川 穂高,右,埼玉西武ライオンズ,143,647,541,115,152,24,1,47,319,124,0,0,0,2,88,2,16,138,5,0.281,0.59,0.396
山田 遥楓,右,埼玉西武ライオンズ,14,19,17,1,1,0,0,1,4,2,0,0,0,0,1,0,1,6,0,0.059,0.235,0.158
ワグナー,右,埼玉西武ライオンズ,36,0,0,0,0,0,0,0,0,0,0,0,0,0,0,0,0,0,0,0,0,0
アマダー,右,東北楽天ゴールデンイーグルス,62,234,212,27,57,6,0,20,123,42,1,0,0,0,22,2,0,57,8,0.269,0.58,0.338
青山 浩二,右,東北楽天ゴールデンイーグルス,52,0,0,0,0,0,0,0,0,0,0,0,0,0,0,0,0,0,0,0,0,0
足立 祐一,右,東北楽天ゴールデンイーグルス,20,20,18,1,2,0,0,0,2,0,0,0,1,0,1,0,0,4,1,0.111,0.111,0.158
安樂 智大,左,東北楽天ゴールデンイーグルス,2,0,0,0,0,0,0,0,0,0,0,0,0,0,0,0,0,0,0,0,0,0
池田 隆英,右,東北楽天ゴールデンイーグルス,15,0,0,0,0,0,0,0,0,0,0,0,0,0,0,0,0,0,0,0,0,0
石原 彪,右,東北楽天ゴールデンイーグルス,4,5,5,1,1,0,0,0,1,0,1,0,0,0,0,0,0,2,0,0.2,0.2,0.2
今江 年晶,右,東北楽天ゴールデンイーグルス,127,465,421,44,116,17,2,10,167,49,0,3,0,4,32,5,7,76,19,0.276,0.397,0.334
岩見 雅紀,右,東北楽天ゴールデンイーグルス,12,24,24,0,0,0,0,0,0,0,0,0,0,0,0,0,0,14,2,0,0,0
ウィーラー,右,東北楽天ゴールデンイーグルス,106,413,368,36,99,15,0,15,159,58,3,1,0,5,33,3,7,91,13,0.269,0.432,0.337
内田 靖人,右,東北楽天ゴールデンイーグルス,58,193,177,16,35,6,0,12,77,25,0,1,0,1,14,0,1,66,4,0.198,0.435,0.259
オコエ 瑠偉,右,東北楽天ゴールデンイーグルス,44,117,111,13,22,7,1,2,37,6,2,3,3,0,2,0,1,23,3,0.198,0.333,0.219
岡島 豪郎,左,東北楽天ゴールデンイーグルス,108,241,216,16,41,10,1,3,62,15,1,1,3,0,22,1,0,54,4,0.19,0.287,0.265
小野 郁,右,東北楽天ゴールデンイーグルス,9,0,0,0,0,0,0,0,0,0,0,0,0,0,0,0,0,0,0,0,0,0
釜田 佳直,右,東北楽天ゴールデンイーグルス,12,0,0,0,0,0,0,0,0,0,0,0,0,0,0,0,0,0,0,0,0,0
辛島 航,左,東北楽天ゴールデンイーグルス,23,1,1,0,0,0,0,0,0,0,0,0,0,0,0,0,0,1,0,0,0,0
菊池 保則,左,東北楽天ゴールデンイーグルス,3,0,0,0,0,0,0,0,0,0,0,0,0,0,0,0,0,0,0,0,0,0
岸 孝之,右,東北楽天ゴールデンイーグルス,23,7,6,0,0,0,0,0,0,0,0,0,1,0,0,0,0,5,1,0,0,0
銀次,左,東北楽天ゴールデンイーグルス,139,552,492,45,136,16,5,5,177,48,1,1,6,2,48,3,4,47,7,0.276,0.36,0.344
久保 裕也,右,東北楽天ゴールデンイーグルス,25,0,0,0,0,0,0,0,0,0,0,0,0,0,0,0,0,0,0,0,0,0
近藤 弘樹,右,東北楽天ゴールデンイーグルス,9,1,1,0,0,0,0,0,0,0,0,0,0,0,0,0,0,0,0,0,0,0
今野 龍太,右,東北楽天ゴールデンイーグルス,3,0,0,0,0,0,0,0,0,0,0,0,0,0,0,0,0,0,0,0,0,0
塩見 貴洋,左,東北楽天ゴールデンイーグルス,11,0,0,0,0,0,0,0,0,0,0,0,0,0,0,0,0,0,0,0,0,0
嶋 基宏,右,東北楽天ゴールデンイーグルス,113,361,315,21,65,12,1,0,79,21,2,3,15,0,30,1,1,89,3,0.206,0.251,0.277
島井 寛仁,右,東北楽天ゴールデンイーグルス,49,9,9,14,0,0,0,0,0,0,6,3,0,0,0,0,0,4,1,0,0,0
島内 宏明,左,東北楽天ゴールデンイーグルス,103,453,394,53,115,16,3,11,170,53,11,5,3,3,47,0,6,45,10,0.292,0.431,0.373
菅原 秀,左,東北楽天ゴールデンイーグルス,16,0,0,0,0,0,0,0,0,0,0,0,0,0,0,0,0,0,0,0,0,0
宋 家豪,左,東北楽天ゴールデンイーグルス,40,0,0,0,0,0,0,0,0,0,0,0,0,0,0,0,0,0,0,0,0,0
高梨 雄平,左,東北楽天ゴールデンイーグルス,70,0,0,0,0,0,0,0,0,0,0,0,0,0,0,0,0,0,0,0,0,0
田中 和基,右,東北楽天ゴールデンイーグルス,105,465,423,67,112,11,1,18,179,45,21,6,4,1,37,0,0,101,4,0.265,0.423,0.323
ディクソン,右,東北楽天ゴールデンイーグルス,22,60,57,2,10,0,0,1,13,3,0,1,0,0,1,0,2,20,0,0.175,0.228,0.217
戸村 健次,右,東北楽天ゴールデンイーグルス,2,0,0,0,0,0,0,0,0,0,0,0,0,0,0,0,0,0,0,0,0,0
西口 直人,右,東北楽天ゴールデンイーグルス,1,0,0,0,0,0,0,0,0,0,0,0,0,0,0,0,0,0,0,0,0,0
西巻 賢二,右,東北楽天ゴールデンイーグルス,25,82,77,4,19,3,0,0,22,3,0,0,2,0,3,0,0,18,1,0.247,0.286,0.275
西宮 悠介,左,東北楽天ゴールデンイーグルス,7,0,0,0,0,0,0,0,0,0,0,0,0,0,0,0,0,0,0,0,0,0
則本 昂大,左,東北楽天ゴールデンイーグルス,27,3,2,0,0,0,0,0,0,0,0,0,0,0,1,0,0,2,0,0,0,0.333
ハーマン,左,東北楽天ゴールデンイーグルス,47,0,0,0,0,0,0,0,0,0,0,0,0,0,0,0,0,0,0,0,0,0
濱矢 廣大,左,東北楽天ゴールデンイーグルス,7,0,0,0,0,0,0,0,0,0,0,0,0,0,0,0,0,0,0,0,0,0
聖澤 諒,左,東北楽天ゴールデンイーグルス,27,69,62,4,12,1,0,0,13,2,1,0,2,0,4,0,1,18,1,0.194,0.21,0.254
フェルナンド,右,東北楽天ゴールデンイーグルス,11,16,16,2,3,0,0,0,3,0,0,0,0,0,0,0,0,5,0,0.188,0.188,0.188
福山 博之,右,東北楽天ゴールデンイーグルス,21,0,0,0,0,0,0,0,0,0,0,0,0,0,0,0,0,0,0,0,0,0
藤田 一也,左,東北楽天ゴールデンイーグルス,90,289,248,19,66,10,1,4,90,16,0,3,17,2,18,0,4,15,4,0.266,0.363,0.324
藤平 尚真,右,東北楽天ゴールデンイーグルス,14,0,0,0,0,0,0,0,0,0,0,0,0,0,0,0,0,0,0,0,0,0
古川 侑利,右,東北楽天ゴールデンイーグルス,18,7,6,0,1,0,0,0,1,1,0,0,1,0,0,0,0,4,0,0.167,0.167,0.167
ペゲーロ,左,東北楽天ゴールデンイーグルス,88,348,309,36,72,9,0,17,132,44,1,0,0,1,36,7,2,120,8,0.233,0.427,0.316
細川 亨,右,東北楽天ゴールデンイーグルス,2,2,2,0,0,0,0,0,0,0,0,0,0,0,0,0,0,1,0,0,0,0
堀内 謙伍,左,東北楽天ゴールデンイーグルス,12,24,23,3,4,0,1,0,6,2,1,0,0,0,1,0,0,1,0,0.174,0.261,0.208
枡田 慎太郎,左,東北楽天ゴールデンイーグルス,33,70,62,7,11,4,0,3,24,13,0,0,0,1,6,1,1,14,2,0.177,0.387,0.257
松井 裕樹,左,東北楽天ゴールデンイーグルス,53,0,0,0,0,0,0,0,0,0,0,0,0,0,0,0,0,0,0,0,0,0
美馬 学,左,東北楽天ゴールデンイーグルス,14,3,2,0,0,0,0,0,0,0,0,0,0,0,1,0,0,1,0,0,0,0.333
三好 匠,右,東北楽天ゴールデンイーグルス,70,54,48,5,5,0,1,0,7,0,0,1,3,0,3,0,0,15,2,0.104,0.146,0.157
村林 一輝,右,東北楽天ゴールデンイーグルス,28,49,44,3,5,1,0,0,6,2,0,1,2,0,3,0,0,12,2,0.114,0.136,0.17
茂木 栄五郎,左,東北楽天ゴールデンイーグルス,100,413,361,42,89,12,2,7,126,24,12,4,7,1,42,0,2,83,3,0.247,0.349,0.328
森 雄大,左,東北楽天ゴールデンイーグルス,9,0,0,0,0,0,0,0,0,0,0,0,0,0,0,0,0,0,0,0,0,0
森原 康平,左,東北楽天ゴールデンイーグルス,17,0,0,0,0,0,0,0,0,0,0,0,0,0,0,0,0,0,0,0,0,0
八百板 卓丸,左,東北楽天ゴールデンイーグルス,27,45,38,6,7,1,0,0,8,0,1,1,2,0,4,0,1,12,1,0.184,0.211,0.279
山﨑 剛,左,東北楽天ゴールデンイーグルス,33,84,82,11,19,3,3,0,28,7,4,1,1,0,1,0,0,13,2,0.232,0.341,0.241
山下 斐紹,左,東北楽天ゴールデンイーグルス,43,104,96,10,19,3,0,2,28,9,0,0,1,2,5,0,0,22,2,0.198,0.292,0.233
渡辺 直人,右,東北楽天ゴールデンイーグルス,69,111,96,12,20,3,3,2,35,12,0,0,2,0,11,0,2,19,1,0.208,0.365,0.303
アルバース,右,オリックス・バファローズ,19,5,3,0,0,0,0,0,0,0,0,0,2,0,0,0,0,2,0,0,0,0
青山 大紀,左,オリックス・バファローズ,3,0,0,0,0,0,0,0,0,0,0,0,0,0,0,0,0,0,0,0,0,0
安達 了一,右,オリックス・バファローズ,140,514,465,44,102,12,3,3,129,41,20,5,16,5,25,1,3,64,8,0.219,0.277,0.261
飯田 大祐,右,オリックス・バファローズ,2,3,2,0,0,0,0,0,0,0,0,0,0,0,1,0,0,1,0,0,0,0.333
伊藤 光,右,オリックス・バファローズ,7,16,13,0,0,0,0,0,0,0,0,0,1,0,2,0,0,3,1,0,0,0.133
岩本 輝,左,オリックス・バファローズ,17,0,0,0,0,0,0,0,0,0,0,0,0,0,0,0,0,0,0,0,0,0
大城 滉二,右,オリックス・バファローズ,128,428,377,45,87,14,2,4,117,28,15,9,20,0,28,1,3,77,8,0.231,0.31,0.289
大山 暁史,左,オリックス・バファローズ,6,0,0,0,0,0,0,0,0,0,0,0,0,0,0,0,0,0,0,0,0,0
小田 裕也,左,オリックス・バファローズ,90,164,143,25,41,5,1,2,54,15,10,2,3,3,12,0,3,38,4,0.287,0.378,0.348
海田 智行,左,オリックス・バファローズ,4,0,0,0,0,0,0,0,0,0,0,0,0,0,0,0,0,0,0,0,0,0
金子 千尋,左,オリックス・バファローズ,17,5,5,0,0,0,0,0,0,0,0,0,0,0,0,0,0,2,1,0,0,0
金田 和之,右,オリックス・バファローズ,10,0,0,0,0,0,0,0,0,0,0,0,0,0,0,0,0,0,0,0,0,0
岸田 護,右,オリックス・バファローズ,17,0,0,0,0,0,0,0,0,0,0,0,0,0,0,0,0,0,0,0,0,0
黒木 優太,左,オリックス・バファローズ,39,1,1,0,0,0,0,0,0,0,0,0,0,0,0,0,0,1,0,0,0,0
K-鈴木,右,オリックス・バファローズ,4,0,0,0,0,0,0,0,0,0,0,0,0,0,0,0,0,0,0,0,0,0
小島 脩平,左,オリックス・バファローズ,40,54,50,4,6,1,0,0,7,2,3,1,0,0,4,0,0,9,0,0.12,0.14,0.185
後藤 駿太,左,オリックス・バファローズ,33,43,37,7,8,0,0,0,8,4,2,1,1,0,3,0,2,12,0,0.216,0.216,0.31
小林 慶祐,右,オリックス・バファローズ,7,0,0,0,0,0,0,0,0,0,0,0,0,0,0,0,0,0,0,0,0,0
小谷野 栄一,右,オリックス・バファローズ,70,258,230,19,48,9,0,1,60,17,0,0,4,0,22,1,2,41,4,0.209,0.261,0.283
近藤 大亮,右,オリックス・バファローズ,52,0,0,0,0,0,0,0,0,0,0,0,0,0,0,0,0,0,0,0,0,0
齋藤 綱記,左,オリックス・バファローズ,5,0,0,0,0,0,0,0,0,0,0,0,0,0,0,0,0,0,0,0,0,0
榊原 翼,右,オリックス・バファローズ,5,0,0,0,0,0,0,0,0,0,0,0,0,0,0,0,0,0,0,0,0,0
佐野 皓大,右,オリックス・バファローズ,1,0,0,1,0,0,0,0,0,0,0,0,0,0,0,0,0,0,0,0,0,0
澤田 圭佑,左,オリックス・バファローズ,47,0,0,0,0,0,0,0,0,0,0,0,0,0,0,0,0,0,0,0,0,0
白崎 浩之,右,オリックス・バファローズ,30,73,67,4,16,5,0,1,24,9,0,0,0,1,3,0,2,20,1,0.239,0.358,0.288
杉本 裕太郎,右,オリックス・バファローズ,7,14,12,2,3,1,0,2,10,8,0,0,0,0,1,0,1,3,0,0.25,0.833,0.357
鈴木 昂平,右,オリックス・バファローズ,43,22,17,6,3,0,0,0,3,0,0,0,3,0,0,0,2,4,1,0.176,0.176,0.263
武田 健吾,右,オリックス・バファローズ,69,107,95,12,21,4,1,1,30,12,0,0,5,3,2,0,2,20,2,0.221,0.316,0.245
田嶋 大樹,左,オリックス・バファローズ,12,1,1,0,0,0,0,0,0,0,0,0,0,0,0,0,0,1,0,0,0,0
T-岡田,左,オリックス・バファローズ,97,333,298,31,67,11,0,13,117,43,2,2,0,2,31,5,2,82,9,0.225,0.393,0.3
ディクソン,右,オリックス・バファローズ,18,0,0,0,0,0,0,0,0,0,0,0,0,0,0,0,0,0,0,0,0,0
東明 大貴,右,オリックス・バファローズ,7,0,0,0,0,0,0,0,0,0,0,0,0,0,0,0,0,0,0,0,0,0
中島 宏之,右,オリックス・バファローズ,77,251,225,13,65,7,0,5,87,34,0,0,1,1,21,2,3,38,8,0.289,0.387,0.356
西 勇輝,右,オリックス・バファローズ,25,4,4,0,0,0,0,0,0,0,0,0,0,0,0,0,0,3,0,0,0,0
西浦 颯大,左,オリックス・バファローズ,2,7,6,0,1,0,0,0,1,0,1,1,0,0,1,0,0,3,0,0.167,0.167,0.286
西野 真弘,左,オリックス・バファローズ,60,207,188,21,55,8,4,0,71,16,7,3,6,1,12,1,0,28,5,0.293,0.378,0.333
西村 凌,右,オリックス・バファローズ,31,93,88,9,17,4,0,2,27,8,2,0,1,1,3,0,0,27,1,0.193,0.307,0.217
比嘉 幹貴,右,オリックス・バファローズ,43,1,1,0,0,0,0,0,0,0,0,0,0,0,0,0,0,1,0,0,0,0
福田 周平,左,オリックス・バファローズ,113,345,295,39,78,8,4,1,97,15,16,9,16,0,31,0,3,33,2,0.264,0.329,0.34
伏見 寅威,右,オリックス・バファローズ,76,201,186,16,51,14,1,1,70,17,0,0,1,0,12,0,2,39,6,0.274,0.376,0.325
マレーロ,右,オリックス・バファローズ,68,245,219,22,44,12,1,11,91,26,1,0,0,1,24,0,1,68,5,0.201,0.416,0.282
増井 浩俊,右,オリックス・バファローズ,63,0,0,0,0,0,0,0,0,0,0,0,0,0,0,0,0,0,0,0,0,0
松葉 貴大,左,オリックス・バファローズ,8,0,0,0,0,0,0,0,0,0,0,0,0,0,0,0,0,0,0,0,0,0
宮﨑 祐樹,右,オリックス・バファローズ,33,102,84,14,20,3,0,3,32,8,1,0,1,0,14,0,3,22,2,0.238,0.381,0.366
宗 佑磨,左,オリックス・バファローズ,74,289,266,28,62,16,3,5,99,22,3,2,4,1,15,1,3,53,1,0.233,0.372,0.281
山足 達也,右,オリックス・バファローズ,25,72,60,8,10,2,0,1,15,7,2,0,2,0,7,0,3,15,2,0.167,0.25,0.286
山岡 泰輔,左,オリックス・バファローズ,30,0,0,0,0,0,0,0,0,0,0,0,0,0,0,0,0,0,0,0,0,0
山崎 勝己,右,オリックス・バファローズ,81,104,92,6,19,4,0,0,23,5,0,1,8,0,4,0,0,21,2,0.207,0.25,0.24
山﨑 福也,左,オリックス・バファローズ,7,3,3,0,1,0,0,0,1,0,0,0,0,0,0,0,0,2,0,0.333,0.333,0.333
山田 修義,左,オリックス・バファローズ,30,0,0,0,0,0,0,0,0,0,0,0,0,0,0,0,0,0,0,0,0,0
山本 由伸,右,オリックス・バファローズ,54,1,1,0,0,0,0,0,0,0,0,0,0,0,0,0,0,1,0,0,0,0
吉田 一将,左,オリックス・バファローズ,58,0,0,0,0,0,0,0,0,0,0,0,0,0,0,0,0,0,0,0,0,0
吉田 正尚,左,オリックス・バファローズ,143,598,514,77,165,37,2,26,284,86,3,1,0,8,69,10,7,74,9,0.321,0.553,0.403
吉田 雄人,左,オリックス・バファローズ,3,6,6,0,1,0,0,0,1,0,1,0,0,0,0,0,0,1,0,0.167,0.167,0.167
ローチ,右,オリックス・バファローズ,11,0,0,0,0,0,0,0,0,0,0,0,0,0,0,0,0,0,0,0,0,0
ロメロ,右,オリックス・バファローズ,119,501,443,63,105,18,1,25,200,63,7,2,0,6,42,2,10,114,10,0.237,0.451,0.313
若月 健矢,右,オリックス・バファローズ,114,302,269,22,66,9,2,1,82,27,1,0,23,1,7,0,2,80,6,0.245,0.305,0.269
アルシア,左,北海道日本ハムファイターズ,89,324,284,30,63,10,0,14,115,43,0,2,0,1,30,0,9,92,6,0.222,0.405,0.315
淺間 大基,左,北海道日本ハムファイターズ,31,99,88,11,21,6,0,3,36,7,1,1,0,0,10,0,1,18,2,0.239,0.409,0.323
新垣 勇人,右,北海道日本ハムファイターズ,1,0,0,0,0,0,0,0,0,0,0,0,0,0,0,0,0,0,0,0,0,0
有原 航平,右,北海道日本ハムファイターズ,20,0,0,0,0,0,0,0,0,0,0,0,0,0,0,0,0,0,0,0,0,0
井口 和朋,右,北海道日本ハムファイターズ,31,0,0,0,0,0,0,0,0,0,0,0,0,0,0,0,0,0,0,0,0,0
石井 一成,左,北海道日本ハムファイターズ,69,163,148,17,28,6,2,1,41,4,3,0,2,0,12,0,1,47,0,0.189,0.277,0.255
石井 裕也,左,北海道日本ハムファイターズ,1,0,0,0,0,0,0,0,0,0,0,0,0,0,0,0,0,0,0,0,0,0
石川 直也,右,北海道日本ハムファイターズ,52,0,0,0,0,0,0,0,0,0,0,0,0,0,0,0,0,0,0,0,0,0
石川 亮,右,北海道日本ハムファイターズ,32,57,50,4,11,3,0,0,14,3,0,0,2,0,4,0,1,16,1,0.22,0.28,0.291
上原 健太,左,北海道日本ハムファイターズ,10,2,2,1,1,0,0,1,4,1,0,0,0,0,0,0,0,1,0,0.5,2,0.5
浦野 博司,右,北海道日本ハムファイターズ,36,0,0,0,0,0,0,0,0,0,0,0,0,0,0,0,0,0,0,0,0,0
上沢 直之,右,北海道日本ハムファイターズ,25,4,3,0,2,1,0,0,3,0,0,0,1,0,0,0,0,1,0,0.667,1,0.667
大嶋 匠,左,北海道日本ハムファイターズ,2,2,2,0,0,0,0,0,0,0,0,0,0,0,0,0,0,0,0,0,0,0
太田 賢吾,左,北海道日本ハムファイターズ,54,41,36,6,7,0,2,0,11,5,0,0,3,0,2,0,0,11,1,0.194,0.306,0.237
大田 泰示,右,北海道日本ハムファイターズ,104,429,383,56,105,22,4,14,177,59,3,4,0,1,38,0,7,103,11,0.274,0.462,0.35
岡 大海,右,北海道日本ハムファイターズ,28,60,52,11,8,3,0,0,11,7,5,0,2,0,4,0,2,12,3,0.154,0.212,0.241
鍵谷 陽平,右,北海道日本ハムファイターズ,28,0,0,0,0,0,0,0,0,0,0,0,0,0,0,0,0,0,0,0,0,0
加藤 貴之,左,北海道日本ハムファイターズ,26,1,1,0,0,0,0,0,0,0,0,0,0,0,0,0,0,1,0,0,0,0
北浦 竜次,左,北海道日本ハムファイターズ,1,0,0,0,0,0,0,0,0,0,0,0,0,0,0,0,0,0,0,0,0,0
清宮 幸太郎,左,北海道日本ハムファイターズ,53,180,160,17,32,4,2,7,61,18,0,0,0,1,16,2,3,60,1,0.2,0.381,0.283
公文 克彦,左,北海道日本ハムファイターズ,57,0,0,0,0,0,0,0,0,0,0,0,0,0,0,0,0,0,0,0,0,0
黒羽根 利規,右,北海道日本ハムファイターズ,2,2,2,0,0,0,0,0,0,0,0,0,0,0,0,0,0,2,0,0,0,0
近藤 健介,左,北海道日本ハムファイターズ,129,555,462,59,149,29,3,9,211,69,5,0,0,5,87,8,1,90,16,0.323,0.457,0.427
斎藤 佑樹,右,北海道日本ハムファイターズ,3,0,0,0,0,0,0,0,0,0,0,0,0,0,0,0,0,0,0,0,0,0
實松 一成,右,北海道日本ハムファイターズ,1,0,0,0,0,0,0,0,0,0,0,0,0,0,0,0,0,0,0,0,0,0
清水 優心,右,北海道日本ハムファイターズ,86,242,200,25,43,7,0,7,71,21,0,1,20,1,18,0,3,51,4,0.215,0.355,0.288
杉浦 稔大,右,北海道日本ハムファイターズ,3,0,0,0,0,0,0,0,0,0,0,0,0,0,0,0,0,0,0,0,0,0
杉谷 拳士,右,北海道日本ハムファイターズ,70,130,104,17,24,4,0,3,37,9,4,2,6,2,12,0,6,20,2,0.231,0.356,0.339
高梨 裕稔,右,北海道日本ハムファイターズ,18,2,2,0,0,0,0,0,0,0,0,0,0,0,0,0,0,1,0,0,0,0
立田 将太,右,北海道日本ハムファイターズ,1,0,0,0,0,0,0,0,0,0,0,0,0,0,0,0,0,0,0,0,0,0
田中 賢介,左,北海道日本ハムファイターズ,67,124,105,12,31,3,0,0,34,8,0,1,1,0,18,1,0,14,0,0.295,0.324,0.398
田中 豊樹,右,北海道日本ハムファイターズ,8,0,0,0,0,0,0,0,0,0,0,0,0,0,0,0,0,0,0,0,0,0
谷口 雄也,左,北海道日本ハムファイターズ,6,6,6,0,0,0,0,0,0,0,0,0,0,0,0,0,0,2,0,0,0,0
玉井 大翔,右,北海道日本ハムファイターズ,40,0,0,0,0,0,0,0,0,0,0,0,0,0,0,0,0,0,0,0,0,0
鶴岡 慎也,右,北海道日本ハムファイターズ,101,260,239,13,58,9,0,2,73,22,1,1,4,0,14,0,3,45,5,0.243,0.305,0.293
トンキン,右,北海道日本ハムファイターズ,53,0,0,0,0,0,0,0,0,0,0,0,0,0,0,0,0,0,0,0,0,0
中島 卓也,左,北海道日本ハムファイターズ,132,449,391,57,102,11,3,1,122,23,29,5,22,1,35,0,0,88,4,0.261,0.312,0.321
中田 翔,右,北海道日本ハムファイターズ,140,599,540,61,143,32,0,25,250,106,0,1,0,13,43,1,3,81,24,0.265,0.463,0.316
西川 遥輝,左,北海道日本ハムファイターズ,140,636,528,90,147,25,6,10,214,48,44,3,7,2,96,1,3,103,1,0.278,0.405,0.391
西村 天裕,右,北海道日本ハムファイターズ,26,0,0,0,0,0,0,0,0,0,0,0,0,0,0,0,0,0,0,0,0,0
白村 明弘,左,北海道日本ハムファイターズ,3,0,0,0,0,0,0,0,0,0,0,0,0,0,0,0,0,0,0,0,0,0
姫野 優也,右,北海道日本ハムファイターズ,2,5,4,0,0,0,0,0,0,0,0,0,0,0,1,0,0,3,1,0,0,0.2
平沼 翔太,左,北海道日本ハムファイターズ,7,9,9,0,3,1,0,0,4,0,0,0,0,0,0,0,0,2,0,0.333,0.444,0.333
藤岡 貴裕,左,北海道日本ハムファイターズ,4,0,0,0,0,0,0,0,0,0,0,0,0,0,0,0,0,0,0,0,0,0
堀 瑞輝,左,北海道日本ハムファイターズ,10,0,0,0,0,0,0,0,0,0,0,0,0,0,0,0,0,0,0,0,0,0
マルティネス,左,北海道日本ハムファイターズ,25,8,6,0,0,0,0,0,0,0,0,0,1,0,1,0,0,3,0,0,0,0.143
松本 剛,右,北海道日本ハムファイターズ,54,139,126,18,28,5,1,1,38,9,2,1,5,1,6,0,1,14,5,0.222,0.302,0.261
宮台 康平,左,北海道日本ハムファイターズ,1,0,0,0,0,0,0,0,0,0,0,0,0,0,0,0,0,0,0,0,0,0
宮西 尚生,左,北海道日本ハムファイターズ,55,0,0,0,0,0,0,0,0,0,0,0,0,0,0,0,0,0,0,0,0,0
村田 透,左,北海道日本ハムファイターズ,18,5,5,0,1,0,0,0,1,0,0,0,0,0,0,0,0,4,0,0.2,0.2,0.2
矢野 謙次,右,北海道日本ハムファイターズ,19,19,17,2,4,0,0,0,4,1,0,0,0,0,1,0,1,4,0,0.235,0.235,0.316
横尾 俊建,右,北海道日本ハムファイターズ,74,210,193,18,40,2,0,9,69,24,0,1,2,2,9,0,4,45,5,0.207,0.358,0.255
吉田 侑樹,右,北海道日本ハムファイターズ,1,0,0,0,0,0,0,0,0,0,0,0,0,0,0,0,0,0,0,0,0,0
レアード,右,北海道日本ハムファイターズ,120,505,450,47,105,14,2,26,201,65,0,1,0,4,44,5,7,124,10,0.233,0.447,0.309
ロドリゲス,右,北海道日本ハムファイターズ,9,0,0,0,0,0,0,0,0,0,0,0,0,0,0,0,0,0,0,0,0,0
渡邉 諒,右,北海道日本ハムファイターズ,60,183,161,17,39,7,0,7,67,14,1,0,8,1,11,0,2,43,7,0.242,0.416,0.297
阿部 和成,右,千葉ロッテマリーンズ,5,0,0,0,0,0,0,0,0,0,0,0,0,0,0,0,0,0,0,0,0,0
有吉 優樹,右,千葉ロッテマリーンズ,29,5,4,0,0,0,0,0,0,0,0,0,1,0,0,0,0,3,0,0,0,0
石川 歩,右,千葉ロッテマリーンズ,21,8,6,0,1,0,0,0,1,0,0,0,2,0,0,0,0,4,0,0.167,0.167,0.167
伊志嶺 翔大,右,千葉ロッテマリーンズ,18,57,46,8,13,2,0,0,15,2,1,2,3,0,6,0,2,10,0,0.283,0.326,0.389
井上 晴哉,右,千葉ロッテマリーンズ,133,548,476,59,139,26,2,24,241,99,1,0,0,6,63,0,3,106,7,0.292,0.506,0.374
岩下 大輝,右,千葉ロッテマリーンズ,18,0,0,0,0,0,0,0,0,0,0,0,0,0,0,0,0,0,0,0,0,0
内 竜也,右,千葉ロッテマリーンズ,58,0,0,0,0,0,0,0,0,0,0,0,0,0,0,0,0,0,0,0,0,0
江村 直也,右,千葉ロッテマリーンズ,35,18,16,0,1,0,0,0,1,0,0,0,1,0,1,0,0,5,1,0.063,0.063,0.118
オルモス,左,千葉ロッテマリーンズ,2,0,0,0,0,0,0,0,0,0,0,0,0,0,0,0,0,0,0,0,0,0
大木 貴将,左,千葉ロッテマリーンズ,1,0,0,0,0,0,0,0,0,0,0,0,0,0,0,0,0,0,0,0,0,0
大谷 智久,右,千葉ロッテマリーンズ,45,0,0,0,0,0,0,0,0,0,0,0,0,0,0,0,0,0,0,0,0,0
大隣 憲司,左,千葉ロッテマリーンズ,2,0,0,0,0,0,0,0,0,0,0,0,0,0,0,0,0,0,0,0,0,0
大嶺 翔太,右,千葉ロッテマリーンズ,10,18,17,5,5,0,0,0,5,0,1,0,0,0,1,0,0,8,0,0.294,0.294,0.333
岡 大海,右,千葉ロッテマリーンズ,51,166,142,19,29,5,0,3,43,13,7,2,2,2,15,0,5,30,3,0.204,0.303,0.299
岡田 幸文,左,千葉ロッテマリーンズ,55,18,14,5,3,0,0,0,3,0,5,5,2,0,2,0,0,2,1,0.214,0.214,0.313
荻野 貴司,右,千葉ロッテマリーンズ,78,351,317,52,91,15,3,2,118,25,20,6,9,3,13,0,9,25,6,0.287,0.372,0.33
柿沼 友哉,右,千葉ロッテマリーンズ,2,3,3,0,0,0,0,0,0,0,0,0,0,0,0,0,0,0,0,0,0,0
角中 勝也,左,千葉ロッテマリーンズ,112,470,411,44,109,23,2,7,157,57,3,3,0,6,48,2,5,63,9,0.265,0.382,0.345
加藤 翔平,右,千葉ロッテマリーンズ,69,132,121,12,28,6,2,0,38,9,7,0,4,1,5,0,1,25,3,0.231,0.314,0.266
金澤 岳,左,千葉ロッテマリーンズ,1,2,2,0,0,0,0,0,0,0,0,0,0,0,0,0,0,1,0,0,0,0
唐川 侑己,右,千葉ロッテマリーンズ,25,0,0,0,0,0,0,0,0,0,0,0,0,0,0,0,0,0,0,0,0,0
清田 育宏,右,千葉ロッテマリーンズ,96,303,261,18,59,10,1,2,77,27,2,2,6,4,32,3,0,63,8,0.226,0.295,0.306
酒居 知史,右,千葉ロッテマリーンズ,15,0,0,0,0,0,0,0,0,0,0,0,0,0,0,0,0,0,0,0,0,0
シェッパーズ,右,千葉ロッテマリーンズ,26,0,0,0,0,0,0,0,0,0,0,0,0,0,0,0,0,0,0,0,0,0
菅野 剛士,左,千葉ロッテマリーンズ,53,161,131,15,23,3,2,2,36,18,1,0,4,1,20,0,5,27,4,0.176,0.275,0.306
鈴木 大地,左,千葉ロッテマリーンズ,143,558,477,44,127,27,6,8,190,49,8,4,14,6,44,2,17,55,11,0.266,0.398,0.346
関谷 亮太,右,千葉ロッテマリーンズ,2,0,0,0,0,0,0,0,0,0,0,0,0,0,0,0,0,0,0,0,0,0
高野 圭佑,右,千葉ロッテマリーンズ,17,0,0,0,0,0,0,0,0,0,0,0,0,0,0,0,0,0,0,0,0,0
髙濱 卓也,左,千葉ロッテマリーンズ,10,12,12,0,3,0,0,0,3,0,0,0,0,0,0,0,0,2,0,0.25,0.25,0.25
田中 靖洋,右,千葉ロッテマリーンズ,32,0,0,0,0,0,0,0,0,0,0,0,0,0,0,0,0,0,0,0,0,0
種市 篤暉,右,千葉ロッテマリーンズ,7,0,0,0,0,0,0,0,0,0,0,0,0,0,0,0,0,0,0,0,0,0
田村 龍弘,右,千葉ロッテマリーンズ,143,476,415,32,99,14,7,3,136,35,3,3,16,2,40,1,3,68,13,0.239,0.328,0.309
チェン・グァンユウ,左,千葉ロッテマリーンズ,24,0,0,0,0,0,0,0,0,0,0,0,0,0,0,0,0,0,0,0,0,0
ドミンゲス,右,千葉ロッテマリーンズ,37,93,84,11,16,4,0,7,41,16,0,0,0,0,6,0,3,18,0,0.19,0.488,0.269
東條 大樹,右,千葉ロッテマリーンズ,11,0,0,0,0,0,0,0,0,0,0,0,0,0,0,0,0,0,0,0,0,0
土肥 星也,左,千葉ロッテマリーンズ,6,0,0,0,0,0,0,0,0,0,0,0,0,0,0,0,0,0,0,0,0,0
永野 将司,左,千葉ロッテマリーンズ,4,0,0,0,0,0,0,0,0,0,0,0,0,0,0,0,0,0,0,0,0,0
中村 奨吾,右,千葉ロッテマリーンズ,143,639,552,82,157,30,3,8,217,57,39,15,0,5,60,2,22,94,11,0.284,0.393,0.374
成田 翔,左,千葉ロッテマリーンズ,5,0,0,0,0,0,0,0,0,0,0,0,0,0,0,0,0,0,0,0,0,0
西野 勇士,右,千葉ロッテマリーンズ,14,0,0,0,0,0,0,0,0,0,0,0,0,0,0,0,0,0,0,0,0,0
根元 俊一,左,千葉ロッテマリーンズ,28,45,43,5,8,2,0,0,10,3,0,0,1,1,0,0,0,18,0,0.186,0.233,0.182
平沢 大河,左,千葉ロッテマリーンズ,112,353,291,40,62,15,2,5,96,32,8,2,8,3,48,0,3,82,1,0.213,0.33,0.328
福浦 和也,左,千葉ロッテマリーンズ,82,196,181,6,38,4,0,1,45,11,0,0,0,2,10,1,2,34,4,0.21,0.249,0.256
藤岡 裕大,左,千葉ロッテマリーンズ,143,611,535,58,123,15,5,5,163,42,14,13,26,1,44,1,5,97,9,0.23,0.305,0.294
二木 康太,右,千葉ロッテマリーンズ,16,0,0,0,0,0,0,0,0,0,0,0,0,0,0,0,0,0,0,0,0,0
ボルシンガー,右,千葉ロッテマリーンズ,20,3,1,0,0,0,0,0,0,0,0,0,2,0,0,0,0,1,0,0,0,0
細谷 圭,右,千葉ロッテマリーンズ,21,27,22,4,4,1,0,0,5,1,1,0,1,0,4,0,0,3,0,0.182,0.227,0.308
益田 直也,右,千葉ロッテマリーンズ,70,0,0,0,0,0,0,0,0,0,0,0,0,0,0,0,0,0,0,0,0,0
松永 昂大,左,千葉ロッテマリーンズ,60,0,0,0,0,0,0,0,0,0,0,0,0,0,0,0,0,0,0,0,0,0
三木 亮,右,千葉ロッテマリーンズ,66,41,34,11,8,1,0,0,9,4,3,0,5,0,1,0,1,8,2,0.235,0.265,0.278
南 昌輝,右,千葉ロッテマリーンズ,35,0,0,0,0,0,0,0,0,0,0,0,0,0,0,0,0,0,0,0,0,0
宗接 唯人,右,千葉ロッテマリーンズ,1,1,1,0,0,0,0,0,0,0,0,0,0,0,0,0,0,1,0,0,0,0
安田 尚憲,左,千葉ロッテマリーンズ,17,60,53,3,8,3,0,1,14,7,0,0,0,0,7,0,0,20,0,0.151,0.264,0.25
山本 大貴,左,千葉ロッテマリーンズ,1,0,0,0,0,0,0,0,0,0,0,0,0,0,0,0,0,0,0,0,0,0
吉田 裕太,右,千葉ロッテマリーンズ,8,12,10,0,1,0,0,0,1,0,0,0,1,0,1,0,0,2,0,0.1,0.1,0.182
李 杜軒,右,千葉ロッテマリーンズ,11,18,16,0,3,1,0,0,4,3,0,0,0,0,2,0,0,8,0,0.188,0.25,0.278
涌井 秀章,右,千葉ロッテマリーンズ,22,2,2,0,0,0,0,0,0,0,0,0,0,0,0,0,0,2,0,0,0,0
渡邉 啓太,右,千葉ロッテマリーンズ,6,5,4,1,1,0,0,0,1,0,0,0,0,0,1,0,0,3,0,0.25,0.25,0.4

